{"train/train_tokens_per_second":0,"train_samples_per_second":1.31,"train/epoch":4.769230769230769,"train_runtime":1514.4636,"total_flos":0,"_runtime":2024,"_step":62,"_timestamp":1.7635512332981553e+09,"train/loss":0,"train/num_input_tokens_seen":0,"train/grad_norm":4.1252942997658995e-12,"train/global_step":62,"train_steps_per_second":0.041,"train/learning_rate":2.0000000000000002e-07,"train_loss":0.1339661912179049,"_wandb":{"runtime":2024}}