{"total_flos":0,"_runtime":1491,"_wandb":{"runtime":1491},"train_runtime":832.4191,"train_samples_per_second":2.383,"train_loss":-0.7927901360296434,"_step":0,"train/epoch":4.769230769230769,"train_steps_per_second":0.074,"train/global_step":62,"train/num_input_tokens_seen":0,"_timestamp":1.7635305302628188e+09}