{"_step":62,"_timestamp":1.7635553013316295e+09,"train/learning_rate":2.0000000000000002e-07,"train_steps_per_second":0.075,"_runtime":1172,"train/num_input_tokens_seen":0,"_wandb":{"runtime":1172},"train_runtime":829.2495,"train/loss":0.0001,"train/grad_norm":0.0044907574060908916,"total_flos":0,"train/epoch":4.8,"train/global_step":62,"train_samples_per_second":2.393,"train_loss":0.0010180201741956895,"train/train_tokens_per_second":0}